Driver_ID,Name,Location
1,Nguyen Van A,456 Le Loi B
2,Nguyen Van B,654 Vo Thi Sau E
3,Ngo Thi H,459 Le Loi B
4,Ngo Thi G,789 Tran Hung Dao C
5,Vo Thi P,654 Vo Thi Sau E
6,Tang Thi T,65 Vo Thi Sau E
7,Ngo Thi V,1 Nguyen Van A
8,Vo Thi N,79 Tran Hung Dao C
9,Dinh Van K,78 Tran Hung Dao C
10,Bui Van N,45 Le Loi B
11,Luong Thi N,126 Nguyen Van A
12,Luong Thi A,3 Tran Hung Dao C
13,Ngo Thi A,89 Tran Hung Dao C
14,Tran Thi B,76 Tran Hung Dao C
15,Hoang Van N,6 Vo Thi Sau E
16,Luong Thi M,32 Pham Ngu Lao D
17,Nguyen Van C,7 Tran Hung Dao C
18,Luong Thi D,31 Pham Ngu Lao D
19,Bui Van Y,12 Nguyen Van A
20,Nguyen Van G,8 Tran Hung Dao C
